pos_entre_77,pos_global_citizens,user_id,name,email,cpf,phone,user_created_at
1,2,cmm2u5ypf0002l6dotnobmknd,Junior mulari ,junior.mulari@gmail.com,03821350164,67996422280,2026-02-26 02:20:20.596
2,3,cmm3chu940007l6do64yu6p72,Kamila Fernandes ,kamilafernandes09@hotmail.com,04348801169,,2026-02-26 10:53:27.784
3,4,cmm3eb7fr000al6do72ry9ay3,Camila Araújo Silva,eucaamila@icloud.com,37048300892,13997150330,2026-02-26 11:44:17.512
4,5,cmm3ed2e4000dl6do7uols6oj,Lourdes de Araujo da Silva ,duuda.araujo08@gmail.com,08055867844,13996260118,2026-02-26 11:45:44.285
5,6,cmm3ehlfi000gl6doalwc03yp,Carina Araújo Silva,caarina@icloud.com,42861334860,13996249867,2026-02-26 11:49:15.582
6,7,cmm3f5i23000jl6doukzdt757,Alberta Cardozo,greicequele_aguilar@hotmail.com,74898590187,67999877773,2026-02-26 12:07:50.956
7,8,cmm3f6mhc000ml6do4fr61457,Jenny evellyn Gomes Garcia ,jennyevellyn59@gmail.com,03051197106,67992387516,2026-02-26 12:08:43.344
8,9,cmm3f6rme000nl6dolvqqq1hh,Karoline Tavares Bevilaqua,karoline_bevilaqua@hotmail.com,01952425131,67998498033,2026-02-26 12:08:49.991
9,10,cmm3f7pc3000wl6dol3jjkwkd,Jhennifer Dornelles Machado,dornellesjhennyfer84@gmail.com,70458196177,67992095520,2026-02-26 12:09:33.7
10,11,cmm3f89ek000zl6doraf3ml05,Carlos Eduardo Pacheco dos Santos,andreafalo@yahoo.com.br,28127598879,12997632277,2026-02-26 12:09:59.708
11,12,cmm3f9eb90016l6do3lt07whl,Alisson Fernandes Pereira ,alissonfernandesa11@gmail.com,09323133108,67991792324,2026-02-26 12:10:52.725
12,14,cmm3fa7qp0018l6do5hrvuvwa,Daiana Faria de Oliveira ,daianafaria2017@gmail.com,00355979179,67999158635,2026-02-26 12:11:30.866
13,15,cmm3fafty001dl6do30laukre,jeisiele Andrade,jeisy772010@hotmail.com,05768321110,67999536777,2026-02-26 12:11:41.351
14,16,cmm3fbvvg001kl6do9wypamyw,Izabela Schonhalz,izabela.souza.band@gmail.com,04107872130,67996578546,2026-02-26 12:12:48.797
15,17,cmm3fby7s001ll6do7yevz31a,Keteliy Araujo,keteliyaraujo15@gmail.com,06998743190,67998810248,2026-02-26 12:12:51.833
16,18,cmm3fdgrz001yl6doe6z05gu0,Endy fernandes Pereira ,endyfernandes4@gmail.com,06821550123,67991243684,2026-02-26 12:14:02.543
17,21,cmm3fel0u0025l6dos7c25jju,Skarlatt Silva Dutra,skarlattdutra@icloud.com,03929147190,67991261597,2026-02-26 12:14:54.702
18,24,cmm3ffp1i002el6doi0abt10z,Flávia Freitas,flaviasol_freitas@hotmail.com,05651734139,67981880984,2026-02-26 12:15:46.567
19,26,cmm3fgrv8002sl6do1r9f20it,Juscielli Souza de Assis,jusciellisouza22@gmail.com,07723282184,67981879906,2026-02-26 12:16:36.885
20,29,cmm3fiwci0035l6do8tzsese6,Stheffany Freitas de Menezes,stheffanyfreitas@hotmail.com,06868438192,67999973220,2026-02-26 12:18:16.002
21,31,cmm3fmhq5003dl6doeukqm5jy,Denise Santos,denise.06.sgo@gmail.com,05629526162,67993166435,2026-02-26 12:21:03.678
22,32,cmm3fn2d9003il6dobqiadygy,Mellory larraine Gomes Garcia lindner,mellory17_lorrayne@hotmail.com,03544318113,67999163238,2026-02-26 12:21:30.429
23,33,cmm3fonr7003pl6do4y4dozqy,Sandy Souza zanata ,sandyzanata.ssz@gmail.com,06538764169,67996160075,2026-02-26 12:22:44.803
24,34,cmm3fp75d003ql6doa789edf6,Susana Castro da Silva,susanacastrosouza@gmail.com,09897883185,67996056487,2026-02-26 12:23:09.937
25,35,cmm3fpqqv003vl6doe4f77512,Emanueli Pimentel,pimentelemanueli134@gmail.com,06524196155,67998898018,2026-02-26 12:23:35.335
26,36,cmm3fqh0m0042l6do6ndvdns9,ROSENILDA DA COSTA DE SOUZA,jusciellisouza09@gmail.com,02044329107,67999006589,2026-02-26 12:24:09.382
27,38,cmm3fs5q7004al6dobl0d3ypb,Roseli da silva goncales ,roselis860@gmail.com,07181953109,67996127539,2026-02-26 12:25:28.063
28,40,cmm3fumzh004ol6dod7vepnk0,Ellen Barbosa,ellenbarbosaband2018@gmail.com,02530809160,67999286408,2026-02-26 12:27:23.742
29,41,cmm3fxvyp004tl6do0r03s0wo,Kamily Kaap Padilha,kamikaap@gmail.com,07765931105,67999138570,2026-02-26 12:29:55.346
30,42,cmm3fy679004ul6do6t8sqacn,Joyci Kely Gomes de Freitas,Joycikely23@gmail.com,00336659156,67996116320,2026-02-26 12:30:08.614
31,43,cmm3fz0j10051l6do5s6sqs1o,Laissa Trezzi,laissa_trezzi@hotmail.com,04104758159,67996499314,2026-02-26 12:30:47.918
32,45,cmm3g12ft0059l6do2bjk6seh,Natiele,natiele_timoteo@hotmail.com,04605751122,6732611644,2026-02-26 12:32:23.705
33,46,cmm3g8jzh005gl6dotr298f1c,Luciana Faustino de souza,lucianafaustinolu818@gmail.com,05468010135,67996344079,2026-02-26 12:38:13.037
34,48,cmm3gcg6j005kl6do81ccfxb7,Vagna,profvagna@gmail.com,63869489120,67998110857,2026-02-26 12:41:14.731
35,50,cmm3ggvps005ul6do78o597r8,Danieli Lay,danielylay@hotmail.com,05751402910,46984008545,2026-02-26 12:44:41.488
36,51,cmm3ghu87005vl6dok5lpzd9d,Eliete Lopes da silva,elietelopessilva0812@gmail.com,33820643168,67996730382,2026-02-26 12:45:26.215
37,53,cmm3gkii30065l6doy67swywm,Jainy de Andrade Weber ,jainyandrade@outlook.com,06713841120,67981559603,2026-02-26 12:47:30.988
38,54,cmm3gm4uc0068l6do7soop23s,Jaqueline Prado Ferraz,jaque.prado.ferraz@gmail.com,07412786180,67996224759,2026-02-26 12:48:46.597
39,55,cmm3gmq2u006dl6dok1fsqbix,Karla Alves Leite ,alvesleitek@gmail.com,05070887602,67999028487,2026-02-26 12:49:14.118
40,56,cmm3gnder006el6doapzxx8rq,Adrielle Timóteo ,adrielle_rossales@hotmail.com,04605961100,67996877459,2026-02-26 12:49:44.355
41,59,cmm3gq2ge006tl6douj2wokrl,VANESSA SOUZA DA SILVA ZANINI,NESSA.CF@GMAIL.COM,02038325154,67996720602,2026-02-26 12:51:50.126
42,64,cmm3h266s007el6dobte5k4nq,JOSIANE NASCIMENTO VILA,josiianevila@gmail.com,04755711185,67999464619,2026-02-26 13:01:14.837
43,66,cmm3h71tg007kl6dot8lbkt2e,Vanessa Paula Dedavid,vanessinha_dedavid@hotmail.com,66263549149,67996343507,2026-02-26 13:05:02.453
44,71,cmm3hjr4m0087l6dospoavis9,adilei nogueira,ddleijn@gmail.com,00255790104,67992232261,2026-02-26 13:14:55.126
45,72,cmm3hl4rq0088l6doge4jjhim,Ana Caroline Ferreira do Carmo ,anacarolineferreiradocarmo25@gmail.com,07251827174,67996629512,2026-02-26 13:15:59.463
46,73,cmm3hq9ft008hl6do03dgbmiq,Elida de Barros Bruno ,elida.hsbc@gmail.com,00003173143,67996605318,2026-02-26 13:19:58.793
47,77,cmm3hxssx008pl6dor8gr5m2v,Raquel Oliveira,raquel.marcolino18@gmail.com,55436595120,67991114048,2026-02-26 13:25:50.481
48,80,cmm3i1a3c0096l6doozv6a0ip,Adriele da Silva Sandim,aadrielesandim@gmail.com,05285297141,67991370839,2026-02-26 13:28:32.857
49,81,cmm3i3xuz009bl6doeefumbrj,Adrielly Aparecida de Castro Centurião ,drikinhaejoao@gmail.com,05919187140,67998467971,2026-02-26 13:30:36.971
50,82,cmm3i596j009el6doi73sugqx,Talita Espíndola batalha ,tltespindola17@gmail.com,70685113175,67996960117,2026-02-26 13:31:38.299
51,83,cmm3i85ac009ll6doc7m1csho,Ana Paula Gasparetto,anagasparetto@hotmail.com,72627590197,67996707227,2026-02-26 13:33:53.22
52,84,cmm3icfjv009ol6do1cbfvhdn,Edleuza Vidal Borges,edleuza_@hotmail.com,00395893151,67999891820,2026-02-26 13:37:13.148
53,85,cmm3iexuv009tl6do1zkfd8to,maria eduarda batista,mariaeduardabatista256@gmail.com,06033237153,67999550443,2026-02-26 13:39:10.184
54,86,cmm3if34g009ul6doqrft34tg,Jéssica Pereira,jepereira43@gmail.com,03604145163,67999471760,2026-02-26 13:39:17.008
55,88,cmm3ih3wn00a6l6dovqx7aeha,Greicequele Cardozo Aguilar Kusiak,greicequele_lol@hotmail.com,04124551100,67999877773,2026-02-26 13:40:51.336
56,89,cmm3il5s700adl6douw9f96lq,luara vitoria barbosa luiz ,mariaeduarda0807@gmail.com,08819754193,67996240418,2026-02-26 13:44:00.392
57,91,cmm3isqfr00arl6dowg9eoeez,Andresa Pinheiro da Gama,andresagama@hotmail.com,04718574161,67998801973,2026-02-26 13:49:53.751
58,97,cmm3jmb4z00bbl6doctcn1dod,Marli Cruz lima,lia_lj32@yahoo.com.br,00661839109,67999476227,2026-02-26 14:12:53.603
59,100,cmm3jzlk000bkl6do2mvqo2fp,Lucineia benites Matias ,lucineiabenites4@gmail.com,92862764191,67999021799,2026-02-26 14:23:13.633
60,101,cmm3k0ofc00bpl6docvzomgs0,Josiane Souza Gomes Schonhalz ,josiane-schonhalz@hotmail.com,02497299110,67998205427,2026-02-26 14:24:04.008
61,107,cmm3lmg3c00cbl6do3avia3ok,Andreza Kellen Fernandes Rodrigues ,andrezakellen203@gmail.com,03421076154,67982012904,2026-02-26 15:08:59.257
62,110,cmm3nil7n00ckl6dok11nboye,Suyane Cardoso dias ,silvasuyane777@gmail.com,10281927111,67993135517,2026-02-26 16:01:58.499
63,111,cmm3njcwo00cll6dojyhjgqku,Aline de Brito,debritoaline025@gmail.com,06422236107,67998478590,2026-02-26 16:02:34.392
64,113,cmm3nqyb400czl6dokw9paj2w,Gabrielly leite Souza ,martellogabrielly@gmail.com,03912188165,,2026-02-26 16:08:28.72
65,114,cmm3nvvz900d6l6do4w676jtl,Bianca Soares dos Reis ,biancaprofessoradearte@gmail.com,01851549137,67996030025,2026-02-26 16:12:18.981
66,121,cmm3q6bi800dtl6dolxcg6yua,Maria Conceição santandel ,mariasantandel@hotmail.com,97882828149,67999438905,2026-02-26 17:16:24.896
67,122,cmm3q8cio00dwl6dor60cvzjh,Magda,magdahonorio130309@gmail.com,05677597171,67998644222,2026-02-26 17:17:59.521
68,123,cmm3qud0c00e3l6dowtgtaad5,Giovana Milena,mihg130309@gmail.com,10314839186,67993497718,2026-02-26 17:35:06.589
69,124,cmm3ry3cg00eal6dogvrcfzul,Ana paula santana montalvao,brendha.heitthor@gmail.com,06860268107,67996125263,2026-02-26 18:06:00.304
70,127,cmm3u8i7z00enl6doxxfysiav,Andressa da Silva Lima ,andressalma290@gmail.com,05639510102,67996391608,2026-02-26 19:10:05.375
71,132,cmm3vhrua0008l6dqp99x234p,Gabrie,zanatag396@gmail.com,07203996107,67998780906,2026-02-26 19:45:17.362
72,133,cmm3vitma000bl6dqcg0c91xd,Andresa Luiza Aparecida dias Rogério ,andresaladrnutri@gmail.com,01161142150,67992898981,2026-02-26 19:46:06.322
73,141,cmm437uwd0000l6dmjtk7sayb,Francieli Rodrigues,francielilouveirarodrigues@gmail.com,04461438120,67999249462,2026-02-26 23:21:31.693
74,142,cmm452nkw000bl6dmft6kxua5,Leonardo Gomes Mota ,lgmota34@gmail.com,05628892130,,2026-02-27 00:13:28.16
75,143,cmm458gpn000el6dm44cej7q1,GLAUCIA Costa,glauciaedaviaugusto@gmail.com,03089510189,67999003192,2026-02-27 00:17:59.196
76,144,cmm466bef000jl6dmt37242m9,Iolanda Barbosa de Souza Moreira ,iolanda97moreira@gmail.com,03482973199,,2026-02-27 00:44:18.615
77,145,cmm46d252000ml6dm51edl60a,Maria Eduarda ,mariaeduardaazevedo190@gmail.com,08235476126,67998750550,2026-02-27 00:49:33.207
